{
  "$id": "https://example.com/address.schema.json",
  "$schema": "http://json-schema.org/draft-07/schema#",
  "title": "config",
  "description": "config response",
  "type": "object",
  "properties": {
    "requestVersion": {
      "description":"the TIP protocol version",
      "type":"integer",
      "minimum": 3
    },
    "requestType": {
      "description": "the TIP object type should be config",
      "type": "string",
      "pattern": "^config$"
    },
    "serverName": {
      "description": "identify the server instance",
      "type": "string",
      "minLength": 3
    },
    "supportedRequests": {
      "description": "a list of supported request types",
      "type": "array",
      "items": {
        "type": "string",
        "enum": [
          "config",
          "distance",
          "find",
          "trip"
        ]
      }
    },
    "filters": {
      "description": "supported filters for find requests.",
      "type": "object",
      "properties": {
        "type": {
          "type": "array",
          "items": {
            "type": "string",
            "enum": ["airport", "balloonport", "heliport"]
          }
        },
        "where": {
          "type": "array",
          "items": {
            "type": "string"
          }
        }
      },
      "additionalProperties": false
    }

  },
  "required":["requestVersion","requestType","serverName","supportedRequests"],
  "additionalProperties": false
}