{
  "$id": "https://example.com/address.schema.json",
  "$schema": "http://json-schema.org/draft-07/schema#",
  "title": "find",
  "description": "find request/response",
  "type": "object",
  "properties": {
    "requestVersion": {
      "description":"the TIP protocol version",
      "type":"integer",
      "minimum": 2
    },
    "requestType": {
      "description":"the TIP object type should be locations",
      "type":"string",
      "pattern":"^find$"
    },
    "match": {
      "description":"an alphanumeric pattern used to find geographic locations.",
      "type":"string",
      "pattern":"^[a-zA-Z0-9_ ]+$"
    },
    "narrow": {
      "description": "filters that narrow the search of the data source.",
      "type": "object",
      "properties": {
        "type": {
          "description": "types of places to choose",
          "type": "array",
          "items": {
            "type": "string",
            "enum": ["airport","balloonport","heliport"]
          }
        },
        "where": {
          "description": "a list of items from the config where filters.",
          "type": "array",
          "items": {
            "type": "string",
            "pattern":"^[a-zA-Z0-9_ ]+$"
          }
        }
      },
      "additionalProperties": false
    },
    "limit": {
      "description":"the maximum number of matching places that may be returned.",
      "type":"integer",
      "minimum":0
    },
    "found": {
      "description":"the total number of matching places in the data source(s).",
      "type":"integer",
      "minimum":0
    },
    "places": {
      "description": "list of places places found",
      "type":"array",
      "items": {
        "type":"object",
        "properties": {
          "name": {"type":"string"},
          "latitude": {"type":"string",
            "pattern":"^[-+]?(?:90(?:(?:\\.0+)?)|(?:[0-9]|[1-8][0-9])(?:(?:\\.[0-9]+)?))$"},
          "longitude": {"type":"string",
            "pattern":"^[-+]?(?:180(?:(?:\\.0+)?)|(?:[0-9]|[1-9][0-9]|1[0-7][0-9])(?:(?:\\.[0-9]+)?))$"}
        },
        "required": ["name","latitude","longitude"],
        "additionalProperties": true
      },
      "minitems": 0
    }
  },
  "required":["requestVersion","requestType","found","places"],
  "additionalProperties": false
}